<?xml version="1.0" encoding="UTF-8" ?><_ROOT_  MainEffect="N" TwoFactor="Y" Polynomial="Y" PolynomialDegree="2" Terms="N" Error="LOGISTIC"
 LinkFunction="LOGIT" SuppressIntercept="N" InputCoding="DEVIATION" MinResourceUse="N"
 ModelSelection="STEPWISE" SelectionCriterion="VMISC" SelectionDefault="Y" Sequential="N"
 SlEntry="0.05" SlStay="0.05" Start="0" Stop="0" Force="0" Hierarchy="CLASS" Rule="NONE"
 MaxStep="." StepOutput="N" OptimizationTechnique="QUANEW" ModelDefaults="Y" MaxIterations="."
 MaxFunctionCalls="." MaxCPUTime="1 HOUR" ConvDefaults="Y" AbsConvValue="-1.34078E154"
 AbsFValue="0" AbsFTime="1" AbsGValue="0.00001" AbsGTime="1" AbsXValue="1E-8" AbsXTime="1"
 FConvValue="0" FConvTimes="1" GConvValue="1E-6" GConvTimes="1" ClParm="N" Covout="N"
 CovB="N" CorB="N" Simple="N" SuppressOutput="N" Details="N" PrintDesignMatrix="N"
 SASSPDS="N" Performance="N" ExcludedVariable="REJECT" ForceRun="N" RunAction="Train"
 Component="Regression" RawCreateTime="2048193623.2" CreateTime="25NOV2024:22:40:23"
 Interactions="">
<VARIABLEPROPERTIES/>
<FILEPROPERTIES ><![CDATA[
EMNOTES
]]>
</FILEPROPERTIES><EMTARGETATTRIBUTES >
<CLASS >
<DECDATA  Table="EMWS5.Reg_class_DD">
<DATA >
<OBS  CLASS="1" COUNT="189" DATAPRIOR="0.0210052513" TRAINPRIOR="0.0210046677" DECPRIOR="."
 DECISION1="1" DECISION2="0"/>
<OBS  CLASS="0" COUNT="8809" DATAPRIOR="0.9789947487" TRAINPRIOR="0.9789953323" DECPRIOR="."
 DECISION1="0" DECISION2="1"/>
</DATA>
<METADATA >
<VARIABLE  NAME="class" LABEL="" LENGTH="32" FORMAT="" TYPE="C"/>
<VARIABLE  NAME="COUNT" LABEL="Level Counts" LENGTH="8" FORMAT="10." TYPE="N"/>
<VARIABLE  NAME="DATAPRIOR" LABEL="Data Proportions" LENGTH="8" FORMAT="" TYPE="N"/>
<VARIABLE  NAME="TRAINPRIOR" LABEL="Training Proportions" LENGTH="8" FORMAT="" TYPE="N"/>
<VARIABLE  NAME="DECPRIOR" LABEL="Decision Priors" LENGTH="8" FORMAT="" TYPE="N"/>
<VARIABLE  NAME="DECISION1" LABEL="1" LENGTH="8" FORMAT="" TYPE="N"/>
<VARIABLE  NAME="DECISION2" LABEL="0" LENGTH="8" FORMAT="" TYPE="N"/>
</METADATA>
</DECDATA>
<DECMETA  Table="EMWS5.Reg_class_DM">
<DATA >
<OBS  _TYPE_="MATRIX" VARIABLE="" LABEL="" LEVEL="PROFIT" EVENT="" ORDER="" FORMAT="" TYPE=""
 COST="" USE="N"/>
<OBS  _TYPE_="TARGET" VARIABLE="class" LABEL="" LEVEL="BINARY" EVENT="1" ORDER="" FORMAT="BEST12.0"
 TYPE="N" COST="" USE=""/>
<OBS  _TYPE_="DECISION" VARIABLE="DECISION1" LABEL="1" LEVEL="" EVENT="" ORDER="" FORMAT=""
 TYPE="N" COST="" USE="Y"/>
<OBS  _TYPE_="DECISION" VARIABLE="DECISION2" LABEL="0" LEVEL="" EVENT="" ORDER="" FORMAT=""
 TYPE="N" COST="" USE="Y"/>
<OBS  _TYPE_="DATAPRIOR" VARIABLE="DATAPRIOR" LABEL="Data Prior" LEVEL="" EVENT="" ORDER=""
 FORMAT="" TYPE="N" COST="" USE="N"/>
<OBS  _TYPE_="TRAINPRIOR" VARIABLE="TRAINPRIOR" LABEL="Training Prior" LEVEL="" EVENT=""
 ORDER="" FORMAT="" TYPE="N" COST="" USE="N"/>
<OBS  _TYPE_="DECPRIOR" VARIABLE="DECPRIOR" LABEL="Decision Prior" LEVEL="" EVENT="" ORDER=""
 FORMAT="" TYPE="N" COST="" USE="N"/>
<OBS  _TYPE_="PREDICTED" VARIABLE="P_class1" LABEL="Predicted: class=1" LEVEL="1" EVENT=""
 ORDER="" FORMAT="" TYPE="N" COST="" USE=""/>
<OBS  _TYPE_="RESIDUAL" VARIABLE="R_class1" LABEL="Residual: class=1" LEVEL="1" EVENT=""
 ORDER="" FORMAT="" TYPE="N" COST="" USE=""/>
<OBS  _TYPE_="PREDICTED" VARIABLE="P_class0" LABEL="Predicted: class=0" LEVEL="0" EVENT=""
 ORDER="" FORMAT="" TYPE="N" COST="" USE=""/>
<OBS  _TYPE_="RESIDUAL" VARIABLE="R_class0" LABEL="Residual: class=0" LEVEL="0" EVENT=""
 ORDER="" FORMAT="" TYPE="N" COST="" USE=""/>
<OBS  _TYPE_="FROM" VARIABLE="F_class" LABEL="From: class" LEVEL="" EVENT="" ORDER="" FORMAT=""
 TYPE="C" COST="" USE=""/>
<OBS  _TYPE_="INTO" VARIABLE="I_class" LABEL="Into: class" LEVEL="" EVENT="" ORDER="" FORMAT=""
 TYPE="C" COST="" USE=""/>
</DATA>
<METADATA >
<VARIABLE  NAME="_TYPE_" LABEL="Type" LENGTH="32" FORMAT="" TYPE="C"/>
<VARIABLE  NAME="VARIABLE" LABEL="Variable" LENGTH="32" FORMAT="" TYPE="C"/>
<VARIABLE  NAME="LABEL" LABEL="Label" LENGTH="256" FORMAT="" TYPE="C"/>
<VARIABLE  NAME="LEVEL" LABEL="Measurement Level" LENGTH="32" FORMAT="" TYPE="C"/>
<VARIABLE  NAME="EVENT" LABEL="Target Event" LENGTH="32" FORMAT="" TYPE="C"/>
<VARIABLE  NAME="ORDER" LABEL="Order" LENGTH="10" FORMAT="" TYPE="C"/>
<VARIABLE  NAME="FORMAT" LABEL="Format" LENGTH="32" FORMAT="" TYPE="C"/>
<VARIABLE  NAME="TYPE" LABEL="Type" LENGTH="1" FORMAT="" TYPE="C"/>
<VARIABLE  NAME="COST" LABEL="Cost" LENGTH="32" FORMAT="" TYPE="C"/>
<VARIABLE  NAME="USE" LABEL="Use" LENGTH="1" FORMAT="" TYPE="C"/>
</METADATA>
</DECMETA>
</CLASS>
</EMTARGETATTRIBUTES>
</_ROOT_>
