<?xml version="1.0" encoding="UTF-8" ?><_ROOT_  Location="CATALOG" Catalog="SASHELP.EMMODL.BOOST.SOURCE" ToolType="MODEL" Iterations="200"
 CategoricalBins="30" IntervalBins="100" TrainProportion="80" Seed="12345" Shrinkage="0.01"
 LeafFraction="0.001" SplitSize="." MinCatSize="5" MaxBranch="2" MaxDepth="8" NSurrs="0"
 Missing="USEINSEARCH" Huber="NO" ReUseVar="1" AssessMeasure="PROFIT" NodeSize="20000"
 Exhaustive="5000" VarSelection="Y" Performance="DISK" SubSeries="BEST" IterationNum="1"
 ObsImportance="N" NumSingleImp="5" CreateHStat="N" ForceRun="N" RunAction="Train"
 Component="Boost" Precision="0" Measure="PROFIT" NumPairImp="0" DataNeeded="Y" RawCreateTime="2048193557.8"
 CreateTime="25NOV2024:22:39:18">
<VARIABLEPROPERTIES/>
<FILEPROPERTIES ><![CDATA[
USERTRAINCODE
USERSCORECODE
USERREPORTCODE
EMNOTES
]]>
</FILEPROPERTIES><EMTARGETATTRIBUTES >
<CLASS >
<DECDATA  Table="EMWS5.Boost_class_DD">
<DATA >
<OBS  CLASS="1" COUNT="47" DATAPRIOR="0.0142036869" TRAINPRIOR="0.0142036869" DECPRIOR="."
 DECISION1="1" DECISION2="0"/>
<OBS  CLASS="0" COUNT="3262" DATAPRIOR="0.9857963131" TRAINPRIOR="0.9857963131" DECPRIOR="."
 DECISION1="0" DECISION2="1"/>
</DATA>
<METADATA >
<VARIABLE  NAME="class" LABEL="" LENGTH="32" FORMAT="" TYPE="C"/>
<VARIABLE  NAME="COUNT" LABEL="Level Counts" LENGTH="8" FORMAT="10." TYPE="N"/>
<VARIABLE  NAME="DATAPRIOR" LABEL="Data Proportions" LENGTH="8" FORMAT="" TYPE="N"/>
<VARIABLE  NAME="TRAINPRIOR" LABEL="Training Proportions" LENGTH="8" FORMAT="" TYPE="N"/>
<VARIABLE  NAME="DECPRIOR" LABEL="Decision Priors" LENGTH="8" FORMAT="" TYPE="N"/>
<VARIABLE  NAME="DECISION1" LABEL="1" LENGTH="8" FORMAT="" TYPE="N"/>
<VARIABLE  NAME="DECISION2" LABEL="0" LENGTH="8" FORMAT="" TYPE="N"/>
</METADATA>
</DECDATA>
<DECMETA  Table="EMWS5.Boost_class_DM">
<DATA >
<OBS  _TYPE_="MATRIX" VARIABLE="" LABEL="" LEVEL="PROFIT" EVENT="" ORDER="" FORMAT="" TYPE=""
 COST="" USE="N"/>
<OBS  _TYPE_="TARGET" VARIABLE="class" LABEL="" LEVEL="BINARY" EVENT="1" ORDER="" FORMAT="BEST12.0"
 TYPE="N" COST="" USE=""/>
<OBS  _TYPE_="DECISION" VARIABLE="DECISION1" LABEL="1" LEVEL="" EVENT="" ORDER="" FORMAT=""
 TYPE="N" COST="" USE="Y"/>
<OBS  _TYPE_="DECISION" VARIABLE="DECISION2" LABEL="0" LEVEL="" EVENT="" ORDER="" FORMAT=""
 TYPE="N" COST="" USE="Y"/>
<OBS  _TYPE_="DATAPRIOR" VARIABLE="DATAPRIOR" LABEL="Data Prior" LEVEL="" EVENT="" ORDER=""
 FORMAT="" TYPE="N" COST="" USE="N"/>
<OBS  _TYPE_="TRAINPRIOR" VARIABLE="TRAINPRIOR" LABEL="Training Prior" LEVEL="" EVENT=""
 ORDER="" FORMAT="" TYPE="N" COST="" USE="N"/>
<OBS  _TYPE_="DECPRIOR" VARIABLE="DECPRIOR" LABEL="Decision Prior" LEVEL="" EVENT="" ORDER=""
 FORMAT="" TYPE="N" COST="" USE="N"/>
<OBS  _TYPE_="PREDICTED" VARIABLE="P_class1" LABEL="Predicted: class=1" LEVEL="1" EVENT=""
 ORDER="" FORMAT="" TYPE="N" COST="" USE=""/>
<OBS  _TYPE_="RESIDUAL" VARIABLE="R_class1" LABEL="Residual: class=1" LEVEL="1" EVENT=""
 ORDER="" FORMAT="" TYPE="N" COST="" USE=""/>
<OBS  _TYPE_="PREDICTED" VARIABLE="P_class0" LABEL="Predicted: class=0" LEVEL="0" EVENT=""
 ORDER="" FORMAT="" TYPE="N" COST="" USE=""/>
<OBS  _TYPE_="RESIDUAL" VARIABLE="R_class0" LABEL="Residual: class=0" LEVEL="0" EVENT=""
 ORDER="" FORMAT="" TYPE="N" COST="" USE=""/>
<OBS  _TYPE_="FROM" VARIABLE="F_class" LABEL="From: class" LEVEL="" EVENT="" ORDER="" FORMAT=""
 TYPE="C" COST="" USE=""/>
<OBS  _TYPE_="INTO" VARIABLE="I_class" LABEL="Into: class" LEVEL="" EVENT="" ORDER="" FORMAT=""
 TYPE="C" COST="" USE=""/>
</DATA>
<METADATA >
<VARIABLE  NAME="_TYPE_" LABEL="Type" LENGTH="32" FORMAT="" TYPE="C"/>
<VARIABLE  NAME="VARIABLE" LABEL="Variable" LENGTH="32" FORMAT="" TYPE="C"/>
<VARIABLE  NAME="LABEL" LABEL="Label" LENGTH="256" FORMAT="" TYPE="C"/>
<VARIABLE  NAME="LEVEL" LABEL="Measurement Level" LENGTH="32" FORMAT="" TYPE="C"/>
<VARIABLE  NAME="EVENT" LABEL="Target Event" LENGTH="32" FORMAT="" TYPE="C"/>
<VARIABLE  NAME="ORDER" LABEL="Order" LENGTH="10" FORMAT="" TYPE="C"/>
<VARIABLE  NAME="FORMAT" LABEL="Format" LENGTH="32" FORMAT="" TYPE="C"/>
<VARIABLE  NAME="TYPE" LABEL="Type" LENGTH="1" FORMAT="" TYPE="C"/>
<VARIABLE  NAME="COST" LABEL="Cost" LENGTH="32" FORMAT="" TYPE="C"/>
<VARIABLE  NAME="USE" LABEL="Use" LENGTH="1" FORMAT="" TYPE="C"/>
</METADATA>
</DECMETA>
</CLASS>
</EMTARGETATTRIBUTES>
</_ROOT_>
